county,taxcode,edu,city,other,total
C,000-002,15.398,0.0,4.3378000000000005,19.735799999999994
C,000-003,10.6362,6.0405,7.3664,24.043099999999995
C,003-002,10.3813,0.0,8.8903,19.271599999999996
C,003-004,10.3984,0.0,6.9384000000000015,17.3368
C,003-005,10.3984,0.0,6.3629000000000016,16.7613
C,003-015,10.3984,0.0,6.9384000000000015,17.3368
C,003-023,10.3026,0.0,8.982400000000002,19.284999999999993
C,003-026,10.3971,0.0,9.483600000000001,19.880699999999997
C,003-028,10.3984,0.0,6.3629000000000016,16.7613
C,003-029,10.3026,0.0,8.982400000000002,19.284999999999993
C,003-031,10.3984,0.0,7.658200000000002,18.056599999999996
C,003-040,14.961200000000002,0.0,4.2949,19.2561
C,003-041,10.3971,0.0,9.483600000000001,19.880699999999997
C,003-046,10.3813,0.0,8.8903,19.271599999999996
C,003-052,10.3026,0.0,8.406900000000004,18.709499999999995
C,003-055,10.3026,0.0,8.406900000000004,18.709499999999995
C,003-056,10.3026,0.0,8.982400000000002,19.284999999999993
C,003-057,10.3984,0.0,6.9384000000000015,17.3368
C,003-058,10.3813,0.0,8.8903,19.271599999999996
C,007-002,14.0462,0.0,5.1159,19.1621
C,007-003,9.9277,0.0,8.3334,18.261099999999995
C,007-005,9.9277,0.0,6.767700000000001,16.6954
C,007-008,9.9277,0.0,7.390800000000001,17.3185
C,007-009,9.9267,0.0,8.869,18.7957
C,007-016,9.9277,0.0,6.933200000000001,16.8609
C,007-017,9.9277,0.0,7.432800000000001,17.3605
C,007-019,9.9277,0.0,7.695000000000001,17.6227
C,007-020,9.9277,0.0,7.432800000000001,17.3605
C,007-021,14.0462,0.0,5.157900000000001,19.2041
C,007-022,9.9277,0.0,7.432800000000001,17.3605
C,007-023,9.9277,0.0,7.695000000000001,17.6227
C,007-024,9.9277,0.0,7.432800000000001,17.3605
C,007-027,9.9277,0.0,7.390800000000001,17.3185
C,007-044,9.9277,0.0,6.975200000000001,16.9029
C,007-045,9.9277,0.0,6.713,16.6407
C,007-049,9.9277,0.0,6.767700000000001,16.6954
C,007-050,14.0462,0.0,5.1159,19.1621
C,007-055,9.9144,6.0405,7.2166,23.17149999999999
C,007-057,14.0462,0.0,5.157900000000001,19.2041
C,007-058,14.0462,0.0,5.157900000000001,19.2041
C,007-059,9.9277,0.0,7.695000000000001,17.6227
C,007-068,10.077300000000001,0.0,7.658200000000002,17.735499999999995
C,007-069,10.077300000000001,0.0,6.9384000000000015,17.0157
C,007-074,9.9126,0.0,9.5342,19.446800000000003
C,007-075,14.230099999999998,0.0,5.0868,19.316899999999993
C,007-076,14.230099999999998,0.0,5.0868,19.316899999999993
C,007-077,14.0462,0.0,5.157900000000001,19.2041
C,007-078,14.0462,0.0,5.1159,19.1621
C,007-083,14.0462,0.0,5.1159,19.1621
C,007-084,9.9277,0.0,6.767700000000001,16.6954
C,007-085,14.0462,0.0,5.157900000000001,19.2041
C,007-087,10.077300000000001,0.0,7.658200000000002,17.735499999999995
C,007-089,9.9277,0.0,7.653000000000001,17.5807
C,007-090,9.9277,0.0,6.767700000000001,16.6954
C,007-091,9.9277,0.0,6.933200000000001,16.8609
C,007-092,10.077300000000001,0.0,6.9384000000000015,17.0157
C,007-093,14.0462,0.0,5.157900000000001,19.2041
C,007-094,14.0462,0.0,5.157900000000001,19.2041
C,007-095,14.0462,0.0,5.157900000000001,19.2041
C,007-096,14.0462,0.0,5.1159,19.1621
C,007-097,14.0462,0.0,5.157900000000001,19.2041
C,012-002,9.665700000000001,0.0,12.338799999999997,22.004499999999997
C,012-017,9.7867,0.0,10.0414,19.8281
C,012-019,9.856200000000001,6.0405,7.2863999999999995,23.183099999999996
C,012-045,9.856200000000001,0.0,8.2769,18.1331
C,012-047,9.856200000000001,0.0,8.9967,18.852899999999998
C,012-051,9.856200000000001,0.0,8.9967,18.852899999999998
C,012-054,9.856200000000001,0.0,8.9967,18.852899999999998
C,012-057,9.856200000000001,0.0,8.9967,18.852899999999998
C,012-073,9.856200000000001,0.0,8.9967,18.852899999999998
C,012-080,9.856200000000001,0.0,7.1632,17.019399999999997
C,012-081,9.856200000000001,0.0,8.2769,18.1331
C,012-083,9.856200000000001,0.0,8.2769,18.1331
C,012-088,9.856200000000001,0.0,7.1632,17.019399999999997
C,012-089,9.856200000000001,0.0,7.1632,17.019399999999997
C,012-091,9.856200000000001,0.0,7.1632,17.019399999999997
C,012-092,9.856200000000001,0.0,7.1632,17.019399999999997
C,012-093,9.856200000000001,0.0,8.2769,18.1331
C,012-094,9.856200000000001,0.0,8.9967,18.852899999999998
C,012-103,9.856200000000001,0.0,8.2769,18.1331
C,012-115,9.856200000000001,0.0,7.7387,17.5949
C,012-118,9.665700000000001,0.0,12.338799999999997,22.004499999999997
C,012-130,9.856200000000001,0.0,8.011099999999999,17.867299999999997
C,012-133,9.665700000000001,0.0,12.338799999999997,22.004499999999997
C,012-149,9.125599999999999,0.0,10.4879,19.6135
C,012-151,9.856200000000001,0.0,7.7387,17.5949
C,012-152,9.856200000000001,0.0,7.7387,17.5949
C,012-153,9.856200000000001,0.0,7.7387,17.5949
C,012-158,9.125599999999999,0.0,10.4879,19.6135
C,012-162,9.856200000000001,0.0,7.1632,17.019399999999997
C,012-163,9.856200000000001,0.0,7.1632,17.019399999999997
C,012-166,9.856200000000001,0.0,8.9967,18.852899999999998
C,012-169,9.856200000000001,0.0,8.9967,18.852899999999998
C,012-171,9.856200000000001,0.0,8.9967,18.852899999999998
C,012-172,9.856200000000001,0.0,8.9967,18.852899999999998
C,012-173,9.856200000000001,0.0,8.9967,18.852899999999998
C,012-183,9.856200000000001,6.0405,7.2863999999999995,23.183099999999996
C,012-184,9.856200000000001,0.0,7.7387,17.5949
C,012-188,9.125599999999999,0.0,10.4879,19.6135
C,012-194,9.125599999999999,0.0,10.4879,19.6135
C,012-195,9.125599999999999,0.0,10.4879,19.6135
C,012-196,9.125599999999999,0.0,10.4879,19.6135
C,012-199,9.856200000000001,0.0,7.1632,17.019399999999997
C,012-201,9.856200000000001,0.0,7.1632,17.019399999999997
C,012-207,9.856200000000001,0.0,7.7387,17.5949
C,012-212,9.856200000000001,0.0,7.1632,17.019399999999997
C,012-214,9.856200000000001,0.0,7.1632,17.019399999999997
C,012-215,9.856200000000001,0.0,8.2769,18.1331
C,012-216,9.856200000000001,0.0,7.7387,17.5949
C,012-217,9.856200000000001,0.0,7.7387,17.5949
C,012-219,9.856200000000001,0.0,8.2769,18.1331
C,012-220,9.856200000000001,0.0,8.2769,18.1331
C,012-221,9.856200000000001,0.0,8.2769,18.1331
C,012-222,9.856200000000001,0.0,8.2769,18.1331
C,012-223,9.856200000000001,0.0,7.7387,17.5949
C,012-226,9.856200000000001,0.0,8.2769,18.1331
C,012-228,9.856200000000001,0.0,7.7387,17.5949
C,012-229,9.856200000000001,0.0,8.9967,18.852899999999998
C,012-230,9.856200000000001,0.0,8.9967,18.852899999999998
C,012-231,9.856200000000001,0.0,8.9967,18.852899999999998
C,012-235,9.125599999999999,0.0,10.4879,19.6135
C,012-236,9.125599999999999,0.0,10.4879,19.6135
C,012-237,9.125599999999999,0.0,10.4879,19.6135
C,012-238,9.856200000000001,6.0405,7.2863999999999995,23.183099999999996
C,012-239,9.856200000000001,6.0405,7.2863999999999995,23.183099999999996
C,012-241,9.856200000000001,0.0,7.7387,17.5949
C,012-242,9.856200000000001,0.0,7.7387,17.5949
C,012-243,9.125599999999999,0.0,10.4879,19.6135
C,012-245,9.7867,0.0,10.0414,19.8281
C,012-246,9.665700000000001,0.0,12.338799999999997,22.004499999999997
C,012-247,9.856200000000001,0.0,8.9967,18.852899999999998
C,012-249,9.856200000000001,0.0,7.7387,17.5949
C,012-250,9.125599999999999,0.0,10.4879,19.6135
C,012-252,9.665700000000001,0.0,12.338799999999997,22.004499999999997
C,012-253,9.665700000000001,0.0,12.338799999999997,22.004499999999997
C,012-255,9.125599999999999,0.0,10.4879,19.6135
C,012-256,9.856200000000001,0.0,8.2769,18.1331
C,012-257,9.856200000000001,0.0,8.2769,18.1331
C,012-258,9.856200000000001,0.0,8.2769,18.1331
C,012-260,9.856200000000001,0.0,8.2769,18.1331
C,012-262,9.665700000000001,0.0,12.338799999999997,22.004499999999997
C,012-263,9.125599999999999,0.0,9.9124,19.038
C,012-266,9.125599999999999,0.0,9.9124,19.038
C,012-268,9.125599999999999,0.0,10.4879,19.6135
C,012-269,9.125599999999999,0.0,9.9124,19.038
C,012-270,9.125599999999999,0.0,9.9124,19.038
C,012-271,9.125599999999999,0.0,8.4693,17.5949
C,012-272,9.125599999999999,0.0,10.4879,19.6135
C,012-273,9.125599999999999,0.0,10.4879,19.6135
C,012-274,9.125599999999999,0.0,8.4693,17.5949
C,012-275,9.125599999999999,0.0,10.4879,19.6135
C,012-276,9.125599999999999,0.0,10.4879,19.6135
C,012-277,9.125599999999999,0.0,10.4879,19.6135
C,012-278,9.125599999999999,0.0,10.4879,19.6135
C,012-279,9.125599999999999,0.0,10.4879,19.6135
C,012-280,9.665700000000001,0.0,9.7583,19.424
C,012-281,9.665700000000001,0.0,9.337,19.002699999999997
C,012-282,0.0,0.0,3.0018,3.0018
C,012-283,9.125599999999999,0.0,11.026100000000001,20.151699999999998
C,012-284,9.125599999999999,0.0,11.026100000000001,20.151699999999998
C,012-285,9.125599999999999,0.0,11.026100000000001,20.151699999999998
C,012-286,9.125599999999999,0.0,11.026100000000001,20.151699999999998
C,012-287,9.125599999999999,0.0,11.026100000000001,20.151699999999998
C,012-288,9.125599999999999,0.0,10.4879,19.6135
C,012-289,9.125599999999999,0.0,10.4879,19.6135
C,012-290,9.125599999999999,0.0,11.026100000000001,20.151699999999998
C,012-291,9.125599999999999,0.0,11.026100000000001,20.151699999999998
C,026-001,8.4481,0.0,7.0355,15.483600000000001
C,026-002,8.4481,0.0,7.0355,15.483600000000001
C,026-008,8.4481,0.0,7.611,16.059099999999997
C,026-009,8.4481,0.0,7.611,16.059099999999997
C,026-010,8.4481,0.0,7.611,16.059099999999997
C,026-012,8.4894,0.0,7.040699999999999,15.530100000000001
C,026-013,8.4481,0.0,7.0355,15.483600000000001
C,026-014,8.4481,0.0,7.0355,15.483600000000001
C,026-020,8.4481,0.0,7.0355,15.483600000000001
C,026-024,8.4481,0.0,7.611,16.059099999999997
C,026-025,8.4481,0.0,7.0355,15.483600000000001
C,026-026,8.4481,0.0,7.0355,15.483600000000001
C,026-027,8.4481,0.0,7.611,16.059099999999997
C,026-028,8.4481,0.0,7.611,16.059099999999997
C,026-029,8.4481,0.0,7.611,16.059099999999997
C,026-030,8.4894,0.0,7.040699999999999,15.530100000000001
C,026-032,8.4481,0.0,7.611,16.059099999999997
C,026-033,8.4481,0.0,7.0355,15.483600000000001
C,026-034,8.343499999999999,0.0,9.7342,18.077699999999997
C,026-035,8.343499999999999,0.0,9.7342,18.077699999999997
C,035-002,6.8767,0.0,12.279199999999998,19.15589999999999
C,035-004,7.3827,0.0,5.569300000000001,12.952000000000002
C,035-007,7.3827,0.0,6.147200000000001,13.529900000000001
C,035-011,7.3827,0.0,5.8916,13.274300000000002
C,035-013,7.3827,0.0,6.147200000000001,13.529900000000001
C,035-015,7.3827,0.0,4.3315,11.714200000000002
C,035-023,7.3827,0.0,7.3332999999999995,14.716000000000001
C,035-024,7.3827,0.0,4.3315,11.714200000000002
C,035-026,7.3827,0.0,7.624600000000001,15.0073
C,035-027,7.3827,0.0,7.3332999999999995,14.716000000000001
C,035-029,7.3827,0.0,7.624600000000001,15.0073
C,035-032,7.3827,0.0,5.365600000000001,12.748300000000002
C,035-033,7.3827,0.0,7.036200000000001,14.418900000000002
C,035-035,7.3827,0.0,5.365600000000001,12.748300000000002
C,035-039,6.8767,0.0,12.279199999999998,19.15589999999999
C,035-040,6.8767,0.0,6.6532,13.529900000000001
C,046-004,7.399200000000001,0.0,6.213800000000001,13.613000000000001
C,046-012,7.440500000000001,0.0,4.100700000000001,11.541200000000002
C,046-013,7.440500000000001,0.0,6.278200000000001,13.718700000000002
C,046-014,7.399200000000001,0.0,7.7173,15.1165
C,046-015,7.399200000000001,0.0,7.7173,15.1165
C,046-016,7.440500000000001,0.0,7.1025,14.543000000000001
C,046-017,6.7655,0.0,10.3903,17.1558
C,046-018,7.399200000000001,0.0,7.0381,14.4373
C,046-019,7.399200000000001,0.0,6.213800000000001,13.613000000000001
C,046-021,7.399200000000001,0.0,7.0381,14.4373
C,046-022,7.399200000000001,0.0,7.0381,14.4373
C,046-023,7.440500000000001,0.0,7.0432999999999995,14.4838
C,046-024,7.399200000000001,0.0,7.6136,15.0128
C,046-025,7.399200000000001,0.0,7.6136,15.0128
C,046-026,7.399200000000001,0.0,7.6136,15.0128
C,046-027,7.399200000000001,0.0,7.6136,15.0128
C,046-036,7.399200000000001,0.0,6.213800000000001,13.613000000000001
C,046-037,7.399200000000001,0.0,7.0381,14.4373
C,046-039,7.399200000000001,0.0,4.0363,11.435500000000003
C,046-040,7.399200000000001,0.0,7.7173,15.1165
C,046-042,7.399200000000001,0.0,7.7173,15.1165
C,046-043,7.399200000000001,0.0,7.7173,15.1165
C,046-044,7.399200000000001,0.0,7.7173,15.1165
C,046-046,7.399200000000001,0.0,8.0078,15.407000000000002
C,046-048,6.7655,0.0,10.3903,17.1558
C,046-055,7.399200000000001,0.0,4.3268,11.726
C,046-057,7.399200000000001,0.0,7.6136,15.0128
C,046-058,7.399200000000001,0.0,6.4392,13.838400000000002
C,046-061,7.440500000000001,0.0,7.0432999999999995,14.4838
C,046-063,7.399200000000001,0.0,7.0381,14.4373
C,046-064,7.440500000000001,0.0,7.0432999999999995,14.4838
C,046-065,7.399200000000001,0.0,8.408100000000001,15.8073
C,046-066,7.399200000000001,0.0,4.7271,12.126300000000002
C,046-067,6.7655,0.0,10.3903,17.1558
C,046-068,6.7655,0.0,11.2146,17.980099999999997
C,053-002,6.1305,0.0,4.0415,10.172000000000002
C,053-005,6.1305,0.0,7.0432999999999995,13.173800000000002
C,053-006,6.1305,0.0,5.6016,11.732100000000003
C,053-007,6.1305,0.0,5.6016,11.732100000000003
C,053-008,6.1305,0.0,6.4444,12.574900000000001
C,053-009,6.1305,0.0,5.857200000000001,11.987700000000002
C,062-001,8.499300000000002,0.0,4.0415,12.540800000000003
C,062-002,8.4104,0.0,11.624300000000002,20.034699999999994
C,062-003,8.499300000000002,0.0,7.0432999999999995,15.5426
C,062-004,8.499300000000002,0.0,7.0432999999999995,15.5426
C,062-011,8.499300000000002,0.0,8.876800000000001,17.376099999999997
C,062-014,8.499300000000002,0.0,7.0432999999999995,15.5426
C,062-021,8.499300000000002,0.0,5.857200000000001,14.356500000000002
C,062-022,8.4298,0.0,9.9215,18.3513
C,062-026,8.499300000000002,0.0,7.0432999999999995,15.5426
C,062-031,8.499300000000002,0.0,7.6188,16.118099999999995
C,062-033,8.499300000000002,0.0,7.6188,16.118099999999995
C,062-050,8.4298,0.0,9.9215,18.3513
C,062-053,8.499300000000002,0.0,8.3386,16.837899999999998
C,062-054,8.499300000000002,0.0,8.3386,16.837899999999998
C,062-057,8.4104,0.0,11.624300000000002,20.034699999999994
C,062-062,8.499300000000002,0.0,7.0432999999999995,15.5426
C,062-063,8.499300000000002,0.0,7.0432999999999995,15.5426
C,062-064,8.4104,0.0,11.624300000000002,20.034699999999994
C,062-070,8.499300000000002,0.0,7.0432999999999995,15.5426
C,062-073,8.4298,0.0,9.9215,18.3513
C,062-074,8.499300000000002,0.0,6.4444,14.943700000000002
C,062-077,8.499300000000002,0.0,6.4444,14.943700000000002
C,062-079,8.499300000000002,0.0,6.5036000000000005,15.002900000000002
C,062-080,8.499300000000002,0.0,6.4444,14.943700000000002
C,062-082,8.499300000000002,0.0,7.7631,16.262399999999996
C,062-083,8.499300000000002,0.0,8.3386,16.837899999999998
C,062-084,8.499300000000002,0.0,8.3386,16.837899999999998
C,062-088,8.4104,0.0,11.624300000000002,20.034699999999994
C,062-092,8.4104,0.0,11.624300000000002,20.034699999999994
C,062-093,8.499300000000002,0.0,8.3386,16.837899999999998
C,062-097,8.499300000000002,0.0,7.6188,16.118099999999995
C,062-100,8.4298,0.0,9.9215,18.3513
C,062-101,8.4104,0.0,11.048800000000002,19.459199999999996
C,062-102,8.4104,0.0,11.048800000000002,19.459199999999996
C,067-002,7.504299999999999,0.0,5.073,12.577300000000001
C,067-003,7.504299999999999,0.0,5.276700000000001,12.781
C,067-005,7.504299999999999,0.0,5.8546000000000005,13.3589
C,067-008,7.504299999999999,0.0,4.0389,11.5432
C,086-002,6.5233,0.0,11.1933,17.716599999999996
C,086-006,7.5642000000000005,0.0,6.3958,13.960000000000003
C,086-007,7.5642000000000005,0.0,7.0432999999999995,14.607500000000002
C,086-009,7.5642000000000005,0.0,7.335600000000001,14.8998
C,086-013,7.5642000000000005,0.0,6.746200000000001,14.310400000000003
C,086-014,7.5506,0.0,8.900200000000002,16.450799999999994
C,086-015,7.5642000000000005,0.0,5.857200000000001,13.4214
C,086-019,7.5642000000000005,0.0,7.0432999999999995,14.607500000000002
C,086-020,7.5642000000000005,0.0,6.746200000000001,14.310400000000003
C,086-024,7.5642000000000005,0.0,7.0432999999999995,14.607500000000002
C,086-026,7.5642000000000005,0.0,7.0432999999999995,14.607500000000002
C,086-029,7.5642000000000005,0.0,7.0432999999999995,14.607500000000002
C,086-030,7.5642000000000005,0.0,7.0432999999999995,14.607500000000002
C,086-031,7.5642000000000005,0.0,5.0756000000000006,12.639800000000003
C,086-036,7.5642000000000005,0.0,5.0756000000000006,12.639800000000003
C,086-039,7.5506,0.0,8.900200000000002,16.450799999999994
C,086-042,6.5233,0.0,11.1933,17.716599999999996
C,086-043,6.5233,0.0,7.787100000000001,14.3104
C,086-045,6.5233,0.0,7.787100000000001,14.3104
C,086-046,6.5233,0.0,11.1933,17.716599999999996
C,086-047,6.5233,0.0,11.1933,17.716599999999996
C,086-048,7.5642000000000005,0.0,6.746200000000001,14.310400000000003
C,086-049,7.5642000000000005,0.0,6.746200000000001,14.310400000000003
C,108-002,5.0558000000000005,0.0,9.6065,14.6623
C,108-003,5.298,0.0,7.1025,12.400500000000001
C,108-008,5.298,0.0,6.278200000000001,11.576200000000002
C,108-009,5.298,0.0,7.0432999999999995,12.3413
C,108-012,5.298,0.0,7.0432999999999995,12.3413
C,108-014,5.298,0.0,6.5036000000000005,11.801600000000002
C,108-016,5.298,0.0,7.0432999999999995,12.3413
C,108-022,5.298,0.0,7.1025,12.400500000000001
C,108-023,5.298,0.0,6.5036000000000005,11.801600000000002
C,108-024,5.298,0.0,6.5036000000000005,11.801600000000002
C,108-025,5.1716999999999995,0.0,4.0389,9.210600000000001
C,108-026,5.298,0.0,7.0432999999999995,12.3413
C,108-027,5.298,0.0,4.100700000000001,9.398700000000002
C,108-028,5.298,0.0,6.5036000000000005,11.801600000000002
C,108-030,5.298,0.0,4.0415,9.339500000000003
C,108-031,5.0558000000000005,0.0,9.6065,14.6623
C,108-032,5.298,0.0,7.0432999999999995,12.3413
C,115-002,9.8352,0.0,10.3139,20.1491
C,115-010,10.2971,0.0,8.876800000000001,19.1739
C,115-022,10.2971,0.0,8.876800000000001,19.1739
C,115-039,9.8352,0.0,10.3139,20.1491
C,115-040,9.8352,0.0,10.3139,20.1491
C,115-045,9.8352,0.0,10.3139,20.1491
C,115-046,9.8352,0.0,10.3139,20.1491
C,115-047,9.8352,0.0,10.3139,20.1491
C,115-050,9.8352,0.0,10.3139,20.1491
C,115-051,10.2971,0.0,8.876800000000001,19.1739
C,115-052,9.8352,0.0,10.3139,20.1491
C,115-053,9.8352,0.0,10.3139,20.1491
C,115-054,9.8352,0.0,10.3139,20.1491
C,302-005,7.0356,0.0,7.611,14.646600000000001
C,302-011,7.0356,0.0,7.611,14.646600000000001
C,302-013,6.9502,6.0405,7.2440999999999995,20.234799999999996
C,302-014,7.0356,0.0,7.611,14.646600000000001
C,302-015,6.3471,0.0,10.3181,16.6652
C,302-016,6.3471,0.0,10.3181,16.6652
C,302-018,7.0356,0.0,7.611,14.646600000000001
C,302-020,6.3471,0.0,10.3181,16.6652
C,302-021,6.3471,0.0,10.3181,16.6652
C,302-025,6.3471,0.0,10.3181,16.6652
C,302-026,6.3471,0.0,10.3181,16.6652
C,302-027,6.3471,0.0,10.3181,16.6652
C,302-028,6.3471,0.0,10.3181,16.6652
C,304-001,9.607000000000001,0.0,7.025800000000001,16.6328
C,304-003,9.607000000000001,0.0,7.745600000000001,17.3526
C,304-004,9.4676,0.0,9.709100000000003,19.176699999999993
C,304-005,9.4676,0.0,9.709100000000003,19.176699999999993
C,305-001,10.581299999999999,0.0,6.360300000000001,16.941599999999998
C,305-010,9.6277,0.0,9.837600000000002,19.465299999999996
C,306-001,7.026999999999999,0.0,6.360300000000001,13.3873
C,315-002,8.683700000000002,0.0,6.765100000000001,15.448800000000002
C,315-003,8.683700000000002,0.0,6.765100000000001,15.448800000000002
M,001,10.6362,8.9516,7.3321,26.9199
M,002,10.8439,0.6347,5.7034,17.182
M,005,6.9859,0.6347,8.7944,16.415
M,006,6.6983,8.9516,7.2336,22.8835
M,011,7.4317,8.9516,7.689,24.0723
M,016,10.8439,0.6347,10.0212,21.4998
M,026,8.3965,0.0,11.9531,20.3496
M,027,8.4481,0.0,9.7913,18.2394
M,028,8.4481,0.0,10.5578,19.0059
M,034,7.2878,0.0,6.9386,14.2264
M,036,7.2878,0.0,9.7778,17.0656
M,040,7.2452,8.9516,7.192,23.3888
M,047,6.4052,0.0,12.7841,19.1893
M,049,6.9859,0.6347,6.8428,14.4634
M,062,7.0356,0.0,9.7913,16.8269
M,072,10.8439,0.6347,9.1303,20.6089
M,073,6.5608,0.0,6.3496,12.9104
M,074,6.5608,0.0,8.8338,15.3946
M,082,6.5608,0.0,6.3496,12.9104
M,085,8.6837,0.6347,7.715,17.0334
M,086,8.4481,0.0,9.2023,17.6504
M,087,8.4481,0.0,9.2023,17.6504
M,090,6.9859,0.6347,5.6899,13.3105
M,103,9.0532,0.6347,8.6003,18.2882
M,113,7.5307,8.9516,7.6983,24.1806
M,118,10.8439,0.6347,8.6003,20.0789
M,121,10.8439,0.6347,10.0212,21.4998
M,122,10.8439,0.6347,8.6003,20.0789
M,137,8.3965,0.0,11.9531,20.3496
M,144,10.8439,0.6347,9.0123,20.4909
M,147,10.6362,8.9516,6.7566,26.3444
M,149,9.0399,8.9516,7.1377,25.1292
M,151,10.6362,8.9516,7.7441,27.3319
M,154,9.0532,0.6347,8.6003,18.2882
M,155,8.6583,8.9516,7.1498,24.7597
M,160,6.6983,8.9516,7.2336,22.8835
M,161,7.5307,8.9516,7.6983,24.1806
M,166,6.5608,0.0,9.2023,15.7631
M,175,6.9502,8.9516,7.2348,23.1366
M,181,10.8439,0.6347,9.3057,20.7843
M,187,10.8439,0.6347,8.4774,19.956
M,188,10.8439,0.6347,9.1566,20.6352
M,201,10.6362,8.9516,7.3571,26.9449
M,203,6.5608,0.0,8.2557,14.8165
M,236,7.2878,0.0,9.7913,17.0791
M,239,8.0796,0.0,9.7913,17.8709
M,240,6.5968,0.0,11.1198,17.7166
M,241,6.6699,0.0,10.6827,17.3526
M,242,7.2583,0.0,10.9208,18.1791
M,243,7.2878,0.0,9.4093,16.6971
M,248,8.4431,0.0,10.8963,19.3394
M,264,7.0356,0.0,9.7913,16.8269
M,276,10.8439,0.6347,8.7944,20.273
M,277,7.2855,0.6347,8.0113,15.9315
M,278,10.8439,0.6347,8.0113,19.4899
M,279,6.9859,0.6347,8.0113,15.6319
M,281,10.8096,0.6004,11.1606,22.5706
M,295,10.8439,0.6347,13.7495,25.2281
M,296,8.6583,8.9516,7.1498,24.7597
M,303,8.6837,0.6347,7.715,17.0334
M,304,8.6837,0.6347,7.715,17.0334
M,331,6.7825,0.0,11.7413,18.5238
M,342,7.2878,0.0,7.5032,14.791
M,346,6.9859,0.6347,6.3039,13.9245
M,350,9.4248,0.6004,12.0137,22.0389
M,354,8.4481,0.0,9.7778,18.2259
M,355,8.4481,0.0,9.9823,18.4304
M,358,6.5608,0.0,9.4093,15.9701
M,359,6.5608,0.0,6.9251,13.4859
M,370,10.8439,0.6347,9.0778,20.5564
M,374,7.2583,0.0,12.8269,20.0852
M,378,10.7352,8.9516,7.3664,27.0532
M,383,6.9765,0.0,11.9606,18.9371
M,386,6.9765,0.0,11.9606,18.9371
M,390,10.8439,0.6347,6.3039,17.7825
M,391,10.8439,0.6347,8.5868,20.0654
M,393,6.9726,8.9516,7.1627,23.0869
M,394,8.3965,0.0,12.7331,21.1296
M,402,6.4052,0.0,12.7841,19.1893
M,403,7.2878,0.0,9.7913,17.0791
M,404,6.5968,0.0,11.1198,17.7166
M,406,7.2452,8.9516,7.192,23.3888
M,407,6.9502,8.9516,7.2348,23.1366
M,410,10.8439,0.6347,5.7034,17.182
M,411,10.8439,0.6347,9.1303,20.6089
M,413,10.8439,0.6347,8.0113,19.4899
M,414,8.4481,0.0,9.9823,18.4304
M,416,8.4481,0.0,9.2023,17.6504
M,418,9.0532,0.6347,8.5868,18.2747
M,419,6.5968,0.0,13.9725,20.5693
M,420,9.0399,8.9516,7.1377,25.1292
M,421,10.6362,8.9516,7.3186,26.9064
M,422,8.4481,0.0,9.7778,18.2259
M,423,8.4481,0.0,10.5713,19.0194
M,424,7.2878,0.0,9.7913,17.0791
M,425,9.0532,0.6347,8.5868,18.2747
M,426,6.5968,0.0,11.1063,17.7031
M,427,7.2583,0.0,10.9073,18.1656
M,428,7.2878,0.0,9.4228,16.7106
M,429,10.8439,0.6347,8.6003,20.0789
M,430,10.8439,0.6347,9.1168,20.5954
M,458,6.5608,0.0,10.1893,16.7501
M,703,10.6362,8.9516,7.3571,26.9449
M,704,7.4317,8.9516,7.689,24.0723
M,705,7.5307,8.9516,7.6983,24.1806
M,709,10.6362,8.9516,7.3321,26.9199
M,710,10.6362,8.9516,7.3571,26.9449
M,711,6.6983,8.9516,7.2336,22.8835
M,712,7.5307,8.9516,7.6983,24.1806
M,713,10.6362,8.9516,7.3571,26.9449
M,791,9.4248,0.6004,5.7457,15.7709
M,792,9.4248,0.6004,5.7457,15.7709
M,800,10.6362,8.9516,7.3571,26.9449
M,801,10.6362,8.9516,7.3571,26.9449
M,802,7.5307,8.9516,7.6983,24.1806
M,804,6.6983,8.9516,7.2336,22.8835
M,805,7.5307,8.9516,7.6983,24.1806
M,806,6.6983,8.9516,7.2336,22.8835
M,807,7.5307,8.9516,7.6983,24.1806
M,808,6.9502,8.9516,7.2348,23.1366
M,809,10.6362,8.9516,7.3571,26.9449
M,811,7.2452,8.9516,7.192,23.3888
M,812,6.9502,8.9516,7.2348,23.1366
M,813,10.6362,8.9516,7.3571,26.9449
M,814,10.6362,8.9516,7.3571,26.9449
M,815,6.6983,8.9516,7.2336,22.8835
M,816,7.2452,8.9516,7.192,23.3888
M,817,10.6362,8.9516,7.3571,26.9449
M,818,10.6362,8.9516,7.3321,26.9199
M,884,10.6362,8.9516,7.3571,26.9449
M,901,6.4052,0.0,12.7841,19.1893
M,902,6.4052,0.0,12.7841,19.1893
M,903,8.3965,0.0,11.9531,20.3496
M,904,6.9765,0.0,11.9606,18.9371
M,924,6.5968,0.0,11.1198,17.7166
M,925,6.5968,0.0,11.1198,17.7166
M,929,0.0,0.0,8.0912,8.0912
M,931,7.2583,0.0,10.9208,18.1791
M,932,6.6699,0.0,10.6827,17.3526
W,001.03,7.285500000000001,0.0,6.0556,13.3411
W,001.04,7.285500000000001,0.0,5.4801,12.7656
W,001.06,7.285500000000001,0.0,5.4801,12.7656
W,001.07,7.285500000000001,0.0,7.1922,14.4777
W,001.12,6.8212,0.0,9.585,16.4062
W,001.13,7.285500000000001,0.0,7.7677,15.0532
W,001.15,7.285500000000001,0.0,7.7677,15.0532
W,001.16,6.8212,0.0,9.0095,15.8307
W,001.17,6.8212,0.0,9.585,16.4062
W,001.19,6.8212,0.0,9.585,16.4062
W,001.20,7.285500000000001,0.0,6.0556,13.3411
W,001.23,7.285500000000001,0.0,5.4801,12.7656
W,001.24,7.285500000000001,0.0,5.4801,12.7656
W,001.25,7.285500000000001,0.0,5.4801,12.7656
W,001.26,7.285500000000001,0.0,3.1587,10.4442
W,001.27,7.285500000000001,0.0,7.7677,15.0532
W,001.28,7.285500000000001,0.0,7.7677,15.0532
W,001.34,6.8212,0.0,11.661700000000002,18.4829
W,001.36,7.285500000000001,0.0,9.8444,17.1299
W,001.37,7.285500000000001,0.0,9.8444,17.1299
W,001.39,6.8212,0.0,11.661700000000002,18.4829
W,001.41,7.285500000000001,0.0,3.1587,10.4442
W,001.44,7.285500000000001,0.0,5.4801,12.7656
W,001.49,6.5600000000000005,0.0,8.376800000000001,14.9368
W,001.50,6.5600000000000005,0.0,8.376800000000001,14.9368
W,001.53,6.8212,0.0,9.585,16.4062
W,001.54,6.5600000000000005,0.0,8.376800000000001,14.9368
W,001.58,6.8212,0.0,9.585,16.4062
W,001.60,6.8212,0.0,9.0095,15.8307
W,001.61,6.8212,0.0,9.585,16.4062
W,007.01,6.8212,0.0,9.585,16.4062
W,007.02,7.285500000000001,0.0,5.2267,12.5122
W,007.03,7.285500000000001,0.0,4.4353,11.7208
W,007.04,7.285500000000001,0.0,4.4353,11.7208
W,007.05,7.285500000000001,0.0,5.2608,12.5463
W,007.06,6.8212,0.0,11.0515,17.8727
W,007.07,6.9962,0.0,11.5361,18.5323
W,007.08,6.8212,0.0,11.2971,18.1183
W,007.10,7.285500000000001,0.0,3.7342,11.0197
W,007.11,7.285500000000001,0.0,7.5142999999999995,14.7998
W,007.12,7.285500000000001,0.0,5.4801,12.7656
W,007.13,7.285500000000001,0.0,5.6373,12.9228
W,007.16,7.285500000000001,0.0,7.7677,15.0532
W,007.17,7.285500000000001,0.0,7.1922,14.4777
W,007.18,7.285500000000001,0.0,5.8022,13.0877
W,007.19,6.996200000000001,0.0,9.4681,16.4643
W,007.20,7.285500000000001,0.0,6.0556,13.3411
W,007.21,7.285500000000001,0.0,6.0556,13.3411
W,007.22,7.285500000000001,0.0,5.4801,12.7656
W,007.23,7.285500000000001,0.0,5.8022,13.0877
W,007.25,7.285500000000001,0.0,5.2267,12.5122
W,007.26,6.996200000000001,0.0,8.8926,15.8888
W,007.27,7.285500000000001,0.0,5.4801,12.7656
W,007.28,6.996200000000001,0.0,8.8926,15.8888
W,007.29,6.996200000000001,0.0,9.4681,16.4643
W,007.30,6.8212,0.0,9.585,16.4062
W,007.31,6.8212,0.0,9.0095,15.8307
W,007.32,7.285500000000001,0.0,7.7677,15.0532
W,007.33,7.285500000000001,0.0,7.1922,14.4777
W,007.34,6.8212,0.0,9.0095,15.8307
W,007.42,6.8212,0.0,9.585,16.4062
W,007.44,6.888,0.0,6.4531,13.3411
W,007.45,6.8212,0.0,9.585,16.4062
W,007.46,6.888,0.0,6.4531,13.3411
W,007.47,6.888,0.0,5.8776,12.7656
W,007.48,6.888,0.0,5.8776,12.7656
W,007.49,6.8212,0.0,9.585,16.4062
W,007.50,6.8212,0.0,9.0095,15.8307
W,007.52,6.996200000000001,0.0,11.7895,18.7857
W,007.53,6.8212,0.0,9.0095,15.8307
W,007.55,6.996200000000001,0.0,7.8036,14.7998
W,007.56,6.996200000000001,0.0,9.4681,16.4643
W,007.57,6.996200000000001,0.0,9.4681,16.4643
W,007.59,6.8212,0.0,9.585,16.4062
W,013.06,8.5912,0.0,10.2104,18.8016
W,013.07,8.5912,0.0,5.740400000000001,14.3316
W,013.08,8.5912,0.0,10.2104,18.8016
W,013.09,8.5912,0.0,10.2104,18.8016
W,013.10,8.6943,0.0,3.1587,11.853
W,013.11,8.6943,0.0,3.1587,11.853
W,013.12,8.6943,0.0,4.4353,13.1296
W,013.13,8.6943,0.0,5.4801,14.1744
W,013.14,8.6943,0.0,5.6373,14.3316
W,013.15,8.6943,0.0,5.6373,14.3316
W,013.16,8.6943,0.0,4.4353,13.1296
W,013.17,8.6943,0.0,5.2267,13.921
W,013.19,8.5912,0.0,10.2104,18.8016
W,013.20,8.5912,0.0,7.731800000000001,16.323
W,013.21,8.6943,0.0,4.4353,13.1296
W,013.22,8.5912,0.0,10.2104,18.8016
W,013.25,8.5912,0.0,10.2104,18.8016
W,015.01,9.211900000000002,0.0,3.1587,12.3706
W,015.02,9.211900000000002,0.0,3.1587,12.3706
W,015.03,9.211900000000002,0.0,4.4353,13.6472
W,015.04,9.211900000000002,0.0,5.8022,15.0141
W,015.05,9.211900000000002,0.0,5.2267,14.4386
W,015.06,9.211900000000002,0.0,5.2608,14.4727
W,015.07,9.211900000000002,0.0,5.6373,14.8492
W,015.08,8.9205,0.0,8.8947,17.8152
W,015.09,9.211900000000002,0.0,6.722899999999999,15.9348
W,015.10,9.211900000000002,0.0,5.0108,14.2227
W,015.11,9.211900000000002,0.0,7.5142999999999995,16.7262
W,015.12,8.9205,0.0,9.4702,18.3907
W,015.13,9.0285,0.0,9.2475,18.276
W,015.14,9.211900000000002,0.0,6.147399999999999,15.3593
W,015.15,9.211900000000002,0.0,5.0108,14.2227
W,015.16,9.211900000000002,0.0,6.9388,16.1507
W,015.17,9.211900000000002,0.0,5.0108,14.2227
W,015.18,9.0285,0.0,9.823,18.8515
W,015.19,9.0285,0.0,9.823,18.8515
W,015.20,9.211900000000002,0.0,6.722899999999999,15.9348
W,015.21,9.211900000000002,0.0,6.147399999999999,15.3593
W,015.22,9.0285,0.0,9.823,18.8515
W,015.23,9.211900000000002,0.0,5.2267,14.4386
W,015.24,9.0285,0.0,9.2475,18.276
W,015.25,9.0285,0.0,9.2475,18.276
W,015.26,9.211900000000002,0.0,5.2608,14.4727
W,015.27,9.211900000000002,0.0,4.4353,13.6472
W,015.28,9.211900000000002,0.0,5.8022,15.0141
W,015.29,8.9205,0.0,9.4702,18.3907
W,015.31,9.211900000000002,0.0,4.4353,13.6472
W,015.33,9.0285,0.0,9.823,18.8515
W,015.34,9.0285,0.0,10.0686,19.0971
W,015.38,8.9205,0.0,9.4702,18.3907
W,017.01,9.9303,0.0,6.0556,15.9859
W,017.02,9.9152,0.0,9.187,19.1022
W,017.03,9.9152,0.0,9.187,19.1022
W,017.04,9.9303,0.0,6.0556,15.9859
W,017.05,9.9303,0.0,7.7677,17.698
W,017.06,9.9303,0.0,7.7677,17.698
W,017.07,9.4248,0.0,9.4347,18.8595
W,017.09,9.4248,0.0,9.680299999999999,19.1051
W,023.02,9.2864,0.0,8.831100000000001,18.1175
W,023.04,9.4574,0.0,5.5701,15.0275
W,023.05,9.304200000000002,0.0,7.093699999999999,16.3979
W,023.06,9.4574,0.0,5.5701,15.0275
W,023.08,9.2864,0.0,8.831100000000001,18.1175
W,023.11,9.4574,0.0,9.9344,19.3918
W,023.12,9.2864,0.0,9.406600000000001,18.693
W,023.13,9.2864,0.0,9.406600000000001,18.693
W,023.14,9.4574,0.0,6.1456,15.603
W,023.16,9.4574,0.0,6.1456,15.603
W,023.17,9.4574,0.0,6.1456,15.603
W,023.19,9.304200000000002,0.0,9.415099999999999,18.7193
W,023.23,9.4574,0.0,7.8576999999999995,17.3151
W,023.24,9.4574,0.0,7.8576999999999995,17.3151
W,023.25,9.304200000000002,0.0,9.415099999999999,18.7193
W,023.60,9.4441,8.9516,4.048299999999999,22.444
W,023.61,9.4427,0.0,10.943999999999999,20.3867
W,023.64,9.4574,0.0,7.8576999999999995,17.3151
W,023.66,9.2864,0.0,9.406600000000001,18.693
W,023.69,9.304200000000002,0.0,9.415099999999999,18.7193
W,023.70,9.304200000000002,0.0,9.6607,18.9649
W,023.73,9.2864,0.0,9.406600000000001,18.693
W,023.74,9.2864,0.0,9.406600000000001,18.693
W,023.75,9.2864,0.0,9.406600000000001,18.693
W,023.76,9.304200000000002,0.0,9.415099999999999,18.7193
W,023.78,9.4574,0.0,7.8576999999999995,17.3151
W,023.79,9.2864,0.0,11.1187,20.4051
W,023.80,9.2864,0.0,9.406600000000001,18.693
W,023.81,9.2864,0.0,9.406600000000001,18.693
W,023.82,9.2864,0.0,9.406600000000001,18.693
W,023.83,9.2864,0.0,7.0852,16.3716
W,023.86,9.4574,0.0,8.3017,17.7591
W,023.87,9.4574,0.0,6.638300000000001,16.0957
W,023.89,9.2864,0.0,9.6522,18.9386
W,023.90,9.4574,0.0,5.536299999999999,14.9937
W,023.91,9.4574,0.0,8.3017,17.7591
W,023.92,9.4574,0.0,8.3017,17.7591
W,023.93,9.2864,0.0,9.406600000000001,18.693
W,023.95,9.304200000000002,0.0,9.415099999999999,18.7193
W,029.02,7.285500000000001,0.0,5.4801,12.7656
W,029.04,7.285500000000001,0.0,6.0556,13.3411
W,029.05,7.285500000000001,0.0,5.4801,12.7656
W,029.06,7.285500000000001,0.0,5.4801,12.7656
W,029.07,6.8212,0.0,11.2971,18.1183
W,029.09,7.285500000000001,0.0,5.4801,12.7656
W,029.10,6.8212,0.0,9.585,16.4062
W,029.12,6.8212,0.0,9.0095,15.8307
W,029.13,6.8212,0.0,9.585,16.4062
W,029.14,6.8212,0.0,9.585,16.4062
W,029.15,7.285500000000001,0.0,6.0556,13.3411
W,029.17,7.285500000000001,0.0,7.7677,15.0532
W,029.20,7.285500000000001,0.0,7.7677,15.0532
W,029.21,7.285500000000001,0.0,6.0556,13.3411
W,029.24,7.285500000000001,0.0,3.7342,11.0197
W,029.26,7.285500000000001,0.0,7.7677,15.0532
W,029.28,6.8212,0.0,11.906400000000001,18.7276
W,029.29,7.285500000000001,0.0,9.8444,17.1299
W,029.32,6.8212,0.0,9.585,16.4062
W,039.02,7.285500000000001,0.0,5.4801,12.7656
W,039.03,7.285500000000001,0.0,5.4801,12.7656
W,039.04,7.285500000000001,0.0,6.0556,13.3411
W,039.06,7.285500000000001,0.0,5.4801,12.7656
W,039.07,7.285500000000001,0.0,6.0556,13.3411
W,039.08,7.285500000000001,0.0,5.4801,12.7656
W,039.09,7.285500000000001,0.0,5.4801,12.7656
W,039.11,6.8212,0.0,11.661700000000002,18.4829
W,039.12,7.285500000000001,0.0,8.1323,15.4178
W,039.13,7.285500000000001,0.0,5.9689,13.2544
W,039.14,7.285500000000001,0.0,8.1323,15.4178
W,039.15,7.285500000000001,0.0,7.556800000000001,14.8423
W,039.17,7.285500000000001,0.0,9.8444,17.1299
W,039.19,7.285500000000001,0.0,8.1323,15.4178
W,046.01,6.877400000000001,0.0,3.1587,10.0361
W,046.05,6.877400000000001,0.0,5.4801,12.3575
W,046.06,6.877400000000001,0.0,5.4801,12.3575
W,049.03,7.2644,0.0,3.1587,10.4231
W,049.05,7.2644,0.0,3.1587,10.4231
W,049.06,7.2644,0.0,5.6373,12.9017
W,050.93,9.0532,0.0,9.8444,18.8976
W,050.94,9.0418,0.0,9.157,18.1988
W,051.02,9.0532,0.0,7.7527,16.8059
W,051.04,9.0532,0.0,7.7527,16.8059
W,051.05,9.0532,0.0,7.7527,16.8059
W,051.06,9.0532,0.0,9.8294,18.8826
W,051.07,9.0185,0.0,11.232100000000003,20.2506
W,051.08,9.0532,0.0,7.7527,16.8059
W,051.11,10.8439,0.0,9.8294,20.6733
W,051.31,9.0532,0.0,6.0556,15.1088
W,051.34,9.0418,0.0,9.157,18.1988
W,051.35,9.0418,0.0,11.2337,20.2755
W,051.36,9.0418,0.0,8.5815,17.6233
W,051.41,9.0532,0.0,8.1323,17.1855
W,051.42,9.0532,0.0,8.1323,17.1855
W,051.44,9.0418,0.0,9.157,18.1988
W,051.47,9.0185,0.0,11.232100000000003,20.2506
W,051.50,9.0532,0.0,9.8444,18.8976
W,051.51,8.8774,0.0,13.0918,21.9692
W,051.52,9.0532,0.0,8.1323,17.1855
W,051.54,9.0532,0.0,6.0556,15.1088
W,051.56,9.0532,0.0,6.0556,15.1088
W,051.57,9.0532,0.0,8.1323,17.1855
W,051.58,8.8774,0.0,13.0918,21.9692
W,051.59,8.8774,0.0,12.5163,21.3937
W,051.60,8.8774,0.0,11.015099999999999,19.8925
W,051.61,8.8774,0.0,11.015099999999999,19.8925
W,051.62,8.8774,0.0,13.0918,21.9692
W,051.63,9.0532,0.0,8.1323,17.1855
W,051.64,9.0532,0.0,9.8444,18.8976
W,051.69,9.0185,0.0,9.155400000000002,18.1739
W,051.71,9.0532,0.0,9.8444,18.8976
W,051.73,9.0418,0.0,9.157,18.1988
W,051.76,9.0532,0.0,6.0556,15.1088
W,051.78,9.0532,0.0,7.7677,16.8209
W,051.79,8.8774,0.0,11.015099999999999,19.8925
W,051.81,9.0185,0.0,9.155400000000002,18.1739
W,051.85,9.0418,0.0,9.157,18.1988
W,051.90,8.8774,0.0,13.0918,21.9692
W,051.91,8.8774,0.0,13.0918,21.9692
W,051.92,8.8774,0.0,13.0918,21.9692
W,051.93,8.8774,0.0,10.7704,19.6478
W,052.00,9.0532,0.0,7.523,16.5762
W,052.01,9.0532,0.0,7.523,16.5762
W,052.06,8.8774,0.0,13.0918,21.9692
W,052.13,9.0532,0.0,6.0556,15.1088
W,052.18,9.0532,0.0,7.7677,16.8209
W,052.26,8.8774,0.0,13.0918,21.9692
W,052.28,9.0399,8.9516,3.9583,21.9498
W,052.31,9.0418,0.0,6.8356,15.8774
W,052.35,9.0399,8.9516,6.035,24.0265
W,052.36,9.0399,8.9516,6.035,24.0265
W,052.40,9.0399,8.9516,3.9583,21.9498
W,052.43,8.8774,0.0,13.0918,21.9692
W,052.44,9.0532,0.0,7.556800000000001,16.61
W,052.45,9.0532,0.0,5.4801,14.5333
W,052.46,9.0532,0.0,5.4801,14.5333
W,052.48,9.0532,0.0,5.4801,14.5333
W,052.49,9.0532,0.0,6.0556,15.1088
W,052.50,9.0532,0.0,8.8068,17.86
W,052.51,9.0532,0.0,6.0556,15.1088
W,052.54,9.0532,0.0,11.0944,20.1476
W,052.56,9.0532,0.0,8.8068,17.86
W,052.57,9.0532,0.0,6.7301,15.7833
W,052.58,9.0532,0.0,6.7301,15.7833
W,052.71,8.8774,0.0,11.015099999999999,19.8925
W,052.73,8.8774,0.0,11.015099999999999,19.8925
W,052.75,8.8774,0.0,13.0918,21.9692
W,058.02,7.285500000000001,0.0,5.2267,12.5122
W,058.03,7.285500000000001,0.0,5.4801,12.7656
W,058.04,7.285500000000001,0.0,5.2608,12.5463
W,058.05,7.285500000000001,0.0,5.4801,12.7656
W,058.06,6.8212,0.0,9.585,16.4062
W,058.07,7.285500000000001,0.0,5.2267,12.5122
W,058.08,6.8212,0.0,9.0095,15.8307
W,070.02,7.285500000000001,0.0,3.1587,10.4442
W,070.03,7.285500000000001,0.0,5.4801,12.7656
W,070.04,7.285500000000001,0.0,3.1587,10.4442
W,070.05,7.285500000000001,0.0,5.4801,12.7656
W,070.07,7.285500000000001,0.0,5.4801,12.7656
W,070.13,7.285500000000001,0.0,5.6373,12.9228
W,070.14,6.5600000000000005,0.0,8.376800000000001,14.9368
W,070.15,6.5600000000000005,0.0,8.376800000000001,14.9368
W,070.17,6.5600000000000005,0.0,6.055400000000001,12.6154
W,070.22,6.5600000000000005,0.0,8.376800000000001,14.9368
W,070.23,6.5600000000000005,0.0,8.376800000000001,14.9368
W,088.02,10.4317,0.0,5.4801,15.9118
W,088.03,10.4317,0.0,5.4801,15.9118
W,088.04,10.4317,0.0,3.1587,13.5904
W,088.07,9.592500000000001,0.0,10.2567,19.8492
W,088.08,9.444099999999999,0.0,9.5647,19.0088
W,088.09,10.4317,0.0,7.7677,18.1994
W,088.10,10.0688,0.0,9.716,19.7848
W,088.11,10.4317,0.0,7.7677,18.1994
W,088.12,10.0688,0.0,7.3946,17.4634
W,088.13,10.4317,0.0,6.0556,16.4873
W,088.14,10.4317,0.0,5.4801,15.9118
W,088.15,9.592500000000001,0.0,10.011099999999999,19.6036
W,088.16,9.592500000000001,0.0,7.689699999999999,17.2822
W,088.17,10.4317,0.0,5.446299999999999,15.878
W,088.18,9.444099999999999,0.0,9.5647,19.0088
W,088.20,10.0688,0.0,9.716,19.7848
W,088.21,10.0688,0.0,9.1405,19.2093
W,088.22,10.0688,0.0,9.1405,19.2093
W,088.24,10.0688,0.0,9.716,19.7848
W,088.25,10.0688,0.0,9.716,19.7848
W,088.26,10.0688,0.0,9.1405,19.2093
W,088.28,9.592500000000001,0.0,10.011099999999999,19.6036
W,088.29,10.4317,0.0,6.0556,16.4873
W,088.32,10.0688,0.0,9.716,19.7848
W,088.33,10.0688,0.0,9.1405,19.2093
W,088.34,9.444099999999999,0.0,9.5647,19.0088
W,088.38,9.6855,0.0,9.5382,19.2237
W,088.39,9.444099999999999,0.0,6.467700000000001,15.9118
W,088.40,9.444099999999999,0.0,9.5647,19.0088
W,088.42,9.444099999999999,0.0,6.467700000000001,15.9118
W,088.43,9.444099999999999,0.0,7.043200000000001,16.4873
W,088.44,9.444099999999999,0.0,9.5647,19.0088
W,088.45,9.444099999999999,0.0,9.5647,19.0088
W,088.46,9.444099999999999,0.0,8.9892,18.4333
W,088.48,9.594100000000001,0.0,8.6053,18.1994
W,088.49,9.594100000000001,0.0,6.8932,16.4873
W,088.50,9.592500000000001,0.0,10.011099999999999,19.6036
W,088.52,10.0688,0.0,9.716,19.7848
W,088.53,10.0688,0.0,7.3946,17.4634
W,088.54,10.0688,0.0,6.4185,16.4873
W,088.55,10.0688,0.0,5.843,15.9118
W,088.57,10.0688,0.0,9.716,19.7848
W,088.61,10.0688,0.0,9.716,19.7848
W,088.62,10.0688,0.0,9.961599999999999,20.0304
W,101.01,9.8802,0.0,8.7334,18.6136
W,101.02,10.2514,0.0,6.0556,16.307
W,101.03,10.1216,0.0,8.7069,18.8285
W,101.04,10.2514,0.0,6.0556,16.307
W,101.05,10.1216,0.0,8.7069,18.8285
W,104.17,10.6362,8.9516,4.1527,23.7405
W,104.18,10.6362,8.9516,4.1527,23.7405
W,104.21,10.8439,0.0,9.8444,20.6883
W,104.23,10.8344,0.0,12.9255,23.7599
W,104.24,10.8344,0.0,12.9255,23.7599
W,104.25,10.8344,0.0,12.9255,23.7599
W,117.02,6.9859,0.0,3.1587,10.1446
W,511.01,7.6447,0.0,11.8754,19.5201
W,511.02,7.6447,0.0,4.4353,12.08
W,511.03,7.6447,0.0,5.2608,12.9055
W,511.05,7.6447,0.0,5.2608,12.9055
W,511.06,7.6447,0.0,3.1587,10.8034
W,511.07,7.6447,0.0,3.1587,10.8034
W,511.08,7.6447,0.0,5.2608,12.9055
W,511.09,7.6447,0.0,11.8754,19.5201
